423,DISTRICT NAME,PROPTAX,FEDERAL,STATE,LOCAL,TOTAL,MEMBER
CODE,Use arrow at right to select district.,,,,,,
7,Abbotsford,2125709,1422104.28,7744882.9,516171.64,11808867.82,795
14,Adams-Friendship Area,11927267,4185242.22,8143533.47,781510.43,25037553.12,1403
63,Albany,3040949,453496.89,3568519.32,188382.29,7251347.5,410
70,Algoma,3491394,809799.56,5797295.13,357689.74,10456178.43,696
84,Alma,2197667,345442.16,1713302.9,211664.55,4468076.61,222
91,Alma Center,2899142,1048147.24,4992180.87,499542.69,9439012.8,533
105,Almond-Bancroft,1940305,598020.06,4030096.15,47201.32,6615622.53,438
112,Altoona,6741401,1905334,14188487.88,218221.77,23053444.65,1581
119,Amery,8312451,2498170.23,12263989.09,1738012.17,24812622.49,1456
140,Antigo,9402036,3550062.88,18648078.45,1681409.04,33281586.37,2175
147,Appleton Area,71741179,20271576.67,118268135.5,6878030.37,217158921.6,14581
154,Arcadia,4864098,2047335.58,13919911.73,822182.62,21653527.93,1255
161,Argyle,1476783,475509.75,2624295.88,322170.82,4898759.45,286
2450,Arrowhead UHS,18380438,1350075.45,7341945.87,2316489.02,29388948.34,2040
170,Ashland,6645390,3745658.14,22092190.15,639345.54,33122583.83,2008
182,Ashwaubenon,16643395,3562077.89,12024605.13,1403597.87,33633675.89,2186
196,Athens,2207086,883229.65,3958583.28,334248.66,7383147.59,403
203,Auburndale,2571301,1001491.41,6990998.69,714979.4,11278770.5,748
217,Augusta,3540774,1557593.68,5380107.47,550089.26,11028564.41,601
231,Baldwin-Woodville Area,7271025,1485289.85,14485633.95,1341904.74,24583853.54,1645
245,Bangor,3177317,1191272.48,5293881.27,343956.4,10006427.15,604
280,Baraboo,17641421,3264736.76,23101366.69,1425863.45,45433387.9,2890
287,Barneveld,2951479,330691.7,3472420.69,167617.69,6922209.08,412
308,Barron Area,5619865,2081287.98,14040271.47,1082924.74,22824349.19,1336
315,Bayfield,6944524,3834787.63,1789453.29,281285.12,12850050.04,431
336,Beaver Dam,16520720,4065551.64,29757138.66,1679835.75,52023246.05,3456
4263,Beecher-Dunbar-Pembine,3537379,377937.98,939074.64,121587.21,4975978.83,241
350,Belleville,6831808,790905.81,6777066.12,810626.1,15210406.03,918
364,Belmont Community,1565451,853416.13,3353135.43,245634.28,6017636.84,349
413,Beloit,17522775,13771691.97,81191819.71,895575.8,113381862.5,6484
422,Beloit Turner,5669101,1541250.93,11500993.14,318092.63,19029437.7,1195
427,Benton,942666,348639.42,2492467.58,143842.51,3927615.51,236
434,Berlin Area,6877682,2262854.52,13390863.01,1998527.71,24529927.24,1534
6013,Big Foot UHS,8549704,501177.66,903111.9,724952.33,10678945.89,505
441,Birchwood,3952239,490207.7,655786.43,314327.99,5412561.12,204
2240,Black Hawk,1420413,632973.96,3641918.15,1667218.48,7362523.59,397
476,Black River Falls,8685395,3667492.09,14952066.34,814501.62,28119455.05,1713
485,Blair-Taylor,4203264,1062550.54,4879140.46,753470.66,10898425.66,633
497,Bloomer,6230283,1084519.96,11088034.07,369310.46,18772147.49,1197
602,Bonduel,4473414,978313.11,6202128.66,183401.56,11837257.33,760
609,Boscobel,3391175,1166310.14,8101857.49,343365.99,13002708.62,772
623,Bowler,1668999,2101277.15,4112486.82,156602.8,8039365.77,390
637,Boyceville Community,3019120,1297158.37,6825153.1,285337.48,11426768.95,700
657,Brighton #1,1163071,187732.07,420178.71,41362.7,1812344.48,127
658,Brillion,4023704,918261.49,7593023.69,1325602.32,13860591.5,878
665,Bristol #1,5134544,538279.1,4822521.97,196712.67,10692057.74,736
700,Brodhead,4085109,1292400.74,8490722.92,311344.74,14179577.4,970
721,Brown Deer,12518924,2094938.39,14301770.91,851868.74,29767502.04,1677
735,Bruce,2716070,770226.12,3727546.41,478754.36,7692596.89,503
777,Burlington Area,22277787,4185681.7,22590824.01,1412025.19,50466317.9,3367
840,Butternut,1250937,382225.14,1235652.66,86445.64,2955260.44,134
870,Cadott Community,5010573,1061400.63,8302332.87,504871.81,14879178.31,831
882,Cambria-Friesland,2553796,815323.26,3591318.9,331149.57,7291587.73,344
896,Cambridge,7049976,957470.23,5396511.64,641511.5,14045469.37,870
903,Cameron,3777580,1268240.08,9020203.65,450828.38,14516852.11,872
910,Campbellsport,9859523,1177347.5,8603737.75,311695.4,19952303.65,1325
980,Cashton,2004806,1427586.93,5738679.06,273159.56,9444231.55,563
994,Cassville,1651231,481590,1878717.94,221270.21,4232809.15,236
1029,Cedar Grove-Belgium Area,5611544,757152.38,7215903.34,461984.27,14046583.99,974
1015,Cedarburg,24247442.24,2890012.59,15838002.14,1403513.26,44378970.23,3076
5054,Central/Westosha UHS,8846837,472437.84,6445508.16,880355.03,16645138.03,1141
1071,Chequamegon,6627626,1435603.86,3943277.27,629639,12636146.13,741
1080,Chetek-Weyerhaeuser,9612304,1672891.04,5154249.69,742569.31,17182014.04,1056
1085,Chilton,6522514,1359780.76,8511774.67,850865.44,17244934.87,1082
1092,Chippewa Falls Area,27778676,5877838.48,37898106.67,2354198.24,73908819.39,5057
1120,Clayton,1356226,615702.69,3193643.65,263430.41,5429002.75,300
1127,Clear Lake,2483348,996616.87,6029187.89,267139.98,9776292.74,589
1134,Clinton Community,4882697,1496121,8597195.69,289369.18,15265382.87,975
1141,Clintonville,7320233,1937913.11,12010184.82,1021368.56,22289699.49,1231
1155,Cochrane-Fountain City,4036285,708688.63,4106946.11,362371.77,9214291.51,581
1162,Colby,3468657,742284.08,9211026.17,653629.96,14075597.21,990
1169,Coleman,5034320,1003156.82,5357634.08,703996.03,12099106.93,689
1176,Colfax,3135554,1172852.68,6723490.44,244725.98,11276623.1,757
1183,Columbus,8537125,1113201.33,9105411.65,324330.15,19080068.13,1231
1204,Cornell,1365081,1272409.96,4012840.01,167287.94,6817618.91,405
1218,Crandon,7265701.74,2222846.3,4877296.4,186994.19,14552838.63,897
1232,Crivitz,6396488,1012686.63,2550499.57,567636.8,10527311,753
1246,Cuba City,3971790,936347.65,5564663.75,291768.24,10764569.64,611
1253,Cudahy,10623679,3503713.93,24285150.17,1480982.68,39893525.78,2345
1260,Cumberland,6974734,1873718.79,6111897.51,650470.44,15610820.74,912
4970,D C Everest Area,27480691,7865477.62,52578568.35,3008063.53,90932800.5,5883
1295,Darlington Community,3926298,1297819.68,8035341.96,1681717.1,14941176.74,865
1421,De Soto Area,3601185,872110.65,3980984.81,651609.99,9105890.45,528
1309,Deerfield Community,5101327.85,608607.47,6124653.83,144794.61,11979383.76,740
1316,Deforest Area,34503905,2157072.29,24403356.96,1111201.81,62175536.06,3847
1380,Delavan-Darien,17701290,3856970.04,15376785.64,793296.32,37728342,2526
1407,Denmark,7305450,1482670.24,11328346.84,608723.9,20725190.98,1461
1414,Depere,16732516,3756188.03,30666813.37,1044516.79,52200034.19,4129
2744,Dodgeland,4030457,1224777.99,7140905.37,354155.67,12750296.03,695
1428,Dodgeville,7920578,1250954.22,10307162.41,263182.94,19741877.57,1221
1449,Dover #1,628934,95329.63,667835.29,73699.03,1465797.95,91
1491,Drummond,3945170,881721.87,1147762.92,203431.55,6178086.34,368
1499,Durand-Arkansaw,4887652,1418579.27,8056275.16,895667.57,15258174,1010
1540,East Troy Community,15473350,1928794.69,8155240.97,705507.63,26262893.29,1665
1554,Eau Claire Area,60282371,12206120.08,84947425.36,4520111.55,161956028,11279
1561,Edgar,2506422,954512.32,6014355.19,1228536.15,10703825.66,586
1568,Edgerton,12699518,1627557.52,14682396.7,1162722.33,30172194.55,1950
1582,Elcho,5041036,477359.05,676095.3,372734.51,6567224.86,284
1600,Eleva-Strum,3094630,672987.73,6398483.63,621775.61,10787876.97,621
1645,Elk Mound Area,3335498,1208111.5,9839623.94,406707.76,14789941.2,1059
1631,Elkhart Lake-Glenbeulah,5939157,409645.31,972337.83,744841.48,8065981.62,430
1638,Elkhorn Area,20715276,3694841.46,20430829.57,1315883.65,46156830.68,3064
1659,Ellsworth Community,9535774,2098234.32,13608359.96,737544.56,25979912.84,1670
714,Elmbrook,88679656,5687453.12,14415626.97,4205505.17,112988241.3,7367
1666,Elmwood,1958049,474854.39,3194399.97,420283.33,6047586.69,316
1687,Erin,2223100,375124.05,817448.95,165971.15,3581644.15,229
1694,Evansville Community,9713073,1591517.14,15733577.51,479415.66,27517583.31,1721
1729,Fall Creek,3847851,948072.66,6696567.36,190426.2,11682917.22,748
1736,Fall River,2426090,511345.39,4015786.97,463659.81,7416882.17,500
1813,Fennimore Community,2953871,1515797.89,7701482.98,252959.22,12424111.09,715
5757,Flambeau,2566356,1293416.77,5376510.47,825223.29,10061506.53,551
1855,Florence,6541139,678898.31,1929266.16,254553.05,9403856.52,455
1862,Fond Du Lac,34239823,8638845.85,59628382.85,2534843,105041894.7,7256
1870,Fontana J8,3240602,255847.91,271614.9,163385.08,3931449.89,151
1883,Fort Atkinson,18101652,2638914.51,22276270.34,759708.16,43776545.01,2628
1890,Fox Point J2,11741055,584959.86,1404748.76,547934.81,14278698.43,728
1900,Franklin Public,34714826,4220917.23,27165680.18,1975827.01,68077250.42,4410
1939,Frederic,3463124,975197.33,4113294.61,771860.39,9323476.33,508
1953,Freedom Area,7125038,1084173.21,11872660.24,820489.56,20902361.01,1614
2009,Gale-Ettrick-Trempealeau,7975126,1458481.73,11775268.17,679281.59,21888157.49,1412
2044,Geneva J4,2212699,140321.81,184920.18,80574.17,2618515.16,108
2051,Genoa City J2,3374989,316565.31,5411711.54,47125.89,9150391.74,591
2058,Germantown,37662126,2279477.69,16280136.14,1814507.78,58036247.61,3887
2114,Gibraltar Area,12382838,639271.73,1309855.55,367679.96,14699645.24,501
2128,Gillett,3206906,944222.93,5201142.57,660344.62,10012616.12,561
2135,Gilman,2777498,1261468.56,2930168.85,328921.04,7298056.45,334
2142,Gilmanton,1414280,306905.17,1300409.56,97767.61,3119362.34,163
2184,Glendale-River Hills,13801796,877016.13,2428156.25,578844.47,17685812.85,928
2198,Glenwood City,2835436,749795.7,6551834.16,1034604.43,11171670.29,699
2212,Goodman-Armstrong,1992292,259672.92,412832.33,135817.25,2800614.5,105
2217,Grafton,18774138,2014244.61,9331475.98,1281567.17,31401425.76,1963
2226,Granton Area,1134291,1295323.84,2245050.9,417613.44,5092279.18,241
2233,Grantsburg,3417979,1459228.12,6838111.05,362136.45,12077454.62,835
2289,Green Bay Area,95574859,40212290.32,204199794,4327007.94,344313951.3,21423
2310,Green Lake,4540348,277028.08,447409.15,273145.42,5537930.65,275
2296,Greendale,15670083,2230104.81,20626571.99,1407513.48,39934273.28,2564
2303,Greenfield,20554203,6148247.43,25632408.08,974837.12,53309695.63,3471
2394,Greenwood,2404222,924377.41,3498564.24,289681.85,7116845.5,384
2415,Gresham,1907389,686690.73,2211845.09,203667.29,5009592.11,241
2420,Hamilton,33205087,2583633.32,30355026.22,2221632.85,68365379.39,4950
2443,Hartford J1,10684218,1810519.87,14861059.18,431820.75,27787617.8,1927
2436,Hartford UHS,11290979,1250641.44,8094488.29,755133.36,21391242.09,1517
2460,Hartland-Lakeside J3,7738249,822800.61,6593659.81,1002498.71,16157208.13,1166
2478,Hayward Community,19485452,4242222.85,3899567.49,751129.7,28378372.04,1751
2525,Herman-Neosho-Rubicon,2636501,366300.98,2351950.81,105450.34,5460203.13,327
2527,Highland,1354655,339404.47,3292664.83,248211.63,5234935.93,311
2534,Hilbert,2578374,497518.01,4164621.28,1323300.31,8563813.6,466
2541,Hillsboro,2472974,1999863.78,4995558.13,718500.84,10186896.75,498
2562,Holmen,19534548,3665004.32,36505253.12,1691808.86,61396614.3,4142
2570,Holy Hill Area,5285008,510896.77,1845392.14,415626.72,8056923.63,505
2576,Horicon,4788040,1325508.37,6508188.68,1342626.72,13964363.77,812
2583,Hortonville,20478084,2679554.69,29261453.31,3086003.01,55505095.01,4062
2605,Howards Grove,4697191,600719.66,6227227.56,415870.2,11941008.42,813
2604,Howard-Suamico,30375445,8844869.64,44013854.2,1890311.11,85124479.95,5535
2611,Hudson,49811272,3972605.16,30384392.54,3068130.24,87236399.94,5360
2618,Hurley,2774576,894208.32,4062847.35,962143.28,8693774.95,503
2625,Hustisford,3293548,649939.47,2261862.48,303431.99,6508781.94,391
2632,Independence,1811532,811327.84,4544518.66,186253.99,7353632.49,473
2639,Iola-Scandinavia,4631161,743946.7,5061496.84,715518.28,11152122.82,649
2646,Iowa-Grant,3058410,922806.04,7204059.49,242816.49,11428092.02,702
2660,Ithaca,1491613,464139.39,3321741.75,655763.42,5933257.56,295
2695,Janesville,42373295,16313631.3,78954599.78,1683816.64,139325342.7,9130
2702,Jefferson,12172553,2810134.09,14764105.16,1540020.68,31286812.93,1799
2730,Johnson Creek,5507775,443881.4,5852118.55,475986.67,12279761.62,684
2737,Juda,1710163,487343.29,2181625.65,391916.43,4771048.37,228
2758,Kaukauna Area,21815450,3409907.45,37492377.57,1403534.6,64121269.62,4790
2793,Kenosha,95574353,27634560.47,177679112.9,5323400.05,306211426.4,20051
1376,Kettle Moraine,39583137,3049375.06,14467978.95,2805594.3,59906085.31,3397
2800,Kewaskum,11299763,2266634.55,11691612.05,732756.18,25990765.78,1832
2814,Kewaunee,6005687,990523.31,7527362.67,550952.98,15074525.96,971
5960,Kickapoo Area,1765004,1315573.81,4340109.32,597464.11,8018151.24,429
2828,Kiel Area,7586292.31,1089849.85,8828915.53,884215.11,18389272.8,1218
2835,Kimberly Area,16044129,2285730.26,40629900.16,2244430.78,61204190.2,4773
2842,Kohler,6162170,196869.06,1063949.38,1115404.75,8538393.19,469
2849,La Crosse,48711725,8614537.74,46235105.53,3377834.4,106939202.7,6300
1848,Lac Du Flambeau #1,6650000,7067805.81,2863481.95,347725.92,16929013.68,568
2856,Ladysmith,3257500,1735831.76,8183119.16,392430.36,13568881.28,757
2863,Lafarge,1346069,923808.3,2607321.94,491696.56,5368895.8,250
3862,Lake Country,4000415,487762.94,598531.46,175476.79,5262186.19,361
2885,Lake Geneva J1,16983028,2389393.7,8722088.28,336221.16,28430731.14,1846
2884,Lake Geneva-Genoa UHS,17144383,1567134.94,3085992.31,554507.9,22352018.15,1281
2891,Lake Holcombe,3939574,735852.19,1095278.53,162994.64,5933699.36,283
2898,Lake Mills Area,9965595,1362875.3,11013963.2,752683.59,23095117.09,1583
3647,Lakeland UHS,11866781,2421896.64,2218837.56,1248401.36,17755916.56,731
2912,Lancaster Community,3522025,1604482.02,9267877.49,749615.68,15144000.19,976
2940,Laona,1797103,502846.21,1985646.45,306691.65,4592287.31,236
2961,Lena,2089686,411809.74,3745866.86,458044.52,6705407.12,400
3087,Linn J4,1820647,82307.54,192602.61,11298.15,2106855.3,102
3094,Linn J6,1698933,218241.27,173727.09,115722.9,2206624.26,102
3129,Little Chute Area,5337032,1319331.48,11376142.81,878871.98,18911378.27,1304
3150,Lodi,14770650,1213526.86,7622642.68,565216.32,24172035.86,1464
3171,Lomira,5677405,915321.69,9003816.83,709183.75,16305727.27,1064
3206,Loyal,1860647,853777.91,5187945.24,442326.4,8344696.55,520
3213,Luck,2674496,725716.65,4020126.36,521520.64,7941859.65,501
3220,Luxemburg-Casco,9392429,1970375,14245367.71,1056465.48,26664637.19,1773
3269,Madison Metropolitan,350039592,32816267.85,95609821.35,13519079.67,491984760.9,26962
3276,Manawa,3666797,911607.86,5610063.45,596345.88,10784814.19,682
3290,Manitowoc,21055820,6700707.2,43443270.03,676178.54,71875975.77,5136
3297,Maple,9597985,1392941.44,8951089.18,1083080.16,21025095.78,1236
1897,Maple Dale-Indian Hill,8272739,500253.92,786546.24,232077.63,9791616.79,400
3304,Marathon City,4503858,488664.06,4993064.01,477278.31,10462864.38,674
3311,Marinette,9723199,3118607.22,19015856.03,474803.94,32332466.19,2164
3318,Marion,1950141,1445876.13,3974394.89,100537.23,7470949.25,478
3325,Markesan,5478768,2100074.44,4921999.9,552921.82,13053764.16,820
3332,Marshall,5212571,1853302.2,9785091.2,350003.08,17200967.48,1012
3339,Marshfield,19835755,4023126.56,29706436.87,2434844.8,56000163.23,3859
3360,Mauston,8318991,2561272.88,12519673.21,493219.77,23893156.86,1391
3367,Mayville,6487954,1783791.2,8206103.6,865512.77,17343361.57,1052
3381,McFarland,18068007,1794620.57,16658298.27,1034653.29,37555579.13,2267
3409,Medford Area,7918333,2955230.82,18664928.42,934748.38,30473240.62,2096
3427,Mellen,1252455,559422.32,2696996.27,200811.4,4709684.99,271
3428,Melrose-Mindoro,4698349,1124417.44,7076542.9,487403.38,13386712.72,729
3430,Menasha,17461882,6253701.4,36534146.5,2243879.36,62493609.26,3507
3434,Menominee Indian,3000000,9369168.22,10704001.9,290447.1,23363617.22,986
3437,Menomonee Falls,39177368,3959515.95,14568315.47,2433816.66,60139016.08,3842
3444,Menomonie Area,17722147,4858443.93,26502122.48,1112802.57,50195515.98,3312
3479,Mequon-Thiensville,43125789,3343822.2,5947306.35,3182852.4,55599769.95,3482
3484,Mercer,2251298,336432.63,402414.41,105022.55,3095167.59,144
3500,Merrill Area,11427119,3832007.85,22336477.08,2980316.29,40575920.22,2484
3528,Merton Community,4595616,539278.31,4226607.99,272167.44,9633669.74,795
3549,Middleton-Cross Plains,79739515,3495567.64,30676224.73,1615797.88,115527105.3,7367
3612,Milton,19497329,1902402.81,26603529.01,2438224.61,50441485.43,3517
3619,Milwaukee,307975402,217384155,732206341.6,33644234.2,1291210133,73395
3633,Mineral Point,4774755,716746.47,6216586.53,390856.53,12098944.53,706
3640,Minocqua J1,7031113,622752.51,1686466.55,284047.4,9624379.46,576
3661,Mishicot,4236283,1188693.69,6236668.25,1584133.54,13245778.48,826
3668,Mondovi,4546236,1700068.13,8304081.83,536008.19,15086394.15,877
3675,Monona Grove,30322170,1725149.56,20705593.87,993957.83,53746871.26,3133
3682,Monroe,12374783,3107053.69,20799675.99,1776159.6,38057672.28,2240
3689,Montello,5044646,1297997.9,4464924.36,719045.63,11526613.89,703
3696,Monticello,2329998,539308.42,2688742.07,306306.71,5864355.2,356
3787,Mosinee,10624019,1903372.51,15542096.94,927503.31,28996991.76,2006
3794,Mount Horeb Area,13996644,1774642.53,17444296.49,706816.9,33922399.92,2344
3822,Mukwonago,31160539,3925785.27,29906755.43,2819346.72,67812426.42,4687
3857,Muskego-Norway,32134901,3216143.01,29753831.67,3266131.56,68371007.24,5014
3871,Necedah Area,5174443,1698577.44,5206656.08,393952.77,12473629.29,717
3892,Neenah,36352684,6509909.07,47537448.63,7611079.95,98011121.65,6919
3899,Neillsville,3813510,1830803.24,7112071.38,613215.98,13369600.6,875
3906,Nekoosa,11799541,1600209.11,5747771.73,378509.22,19526031.06,1094
3920,New Auburn,3196199,468643.77,1222168.52,116540.87,5003552.16,278
3925,New Berlin,45742523,3120708.84,14195014.01,3035294.72,66093540.57,4503
3934,New Glarus,6255622,906482.12,7881302.12,270560.44,15313966.68,914
3941,New Holstein,7034394,1485970.52,7920392.77,828139.22,17268896.51,1135
3948,New Lisbon,3518886,1080170.67,4780467.15,585083.15,9964606.97,609
3955,New London,9470052,2440014.19,18927443.44,1396506.93,32234016.56,2272
3962,New Richmond,16894688,3244688.31,30273963.79,2931814.65,53345154.75,3512
3969,Niagara,1669069,723600.43,3273572.71,188001.26,5854243.4,335
2177,Nicolet UHS,19593115,800553.19,2180091.79,1455563.65,24029323.63,1071
4690,North Cape,1575556,266012.68,1167929.8,56067.32,3065565.8,193
2016,North Crawford,1705568,1366232.14,4484574.84,249059.37,7805434.35,441
3983,North Fond Du Lac,5653971,2068197.76,13020284.26,866422,21608875.02,1378
3514,North Lake,2839414,169894.49,746120.38,182673.34,3938102.21,244
616,North Lakeland,2888505,258248.76,631419.44,105337.97,3883511.17,133
1945,Northern Ozaukee,7179081,633360.26,3931135.68,1087487.74,12831064.68,750
1526,Northland Pines,20517716,2047854.3,3170889.32,606120.97,26342580.59,1287
3654,Northwood,3698921,626678.25,755837.24,222081.82,5303518.31,323
3990,Norwalk-Ontario-Wilton,1805020,1684272.86,6899379.06,276352.98,10665024.9,598
4011,Norway J7,850558,89875.29,417933.77,46941.86,1405308.92,86
4018,Oak Creek-Franklin,39015130,7323948.86,42336973.12,2474431.97,91150483.95,6224
4025,Oakfield,2200787,651188.87,4648711.15,1010089.99,8510777.01,496
4060,Oconomowoc Area,58078869.7,4238296.64,17713588.9,2372356.07,82403111.31,5328
4067,Oconto,4807330,2172605.66,9312290.02,1283520.79,17575746.47,1033
4074,Oconto Falls,10906494,1653142.1,13834968.25,864293.29,27258897.64,1690
4088,Omro,6190140,1661087.9,10283510.15,734747.36,18869485.41,1241
4095,Onalaska,17829376,2456942.89,19984800.01,1202877.93,41473996.83,2765
4137,Oostburg,5353750,724683.79,7061897.03,988209.07,14128539.89,977
4144,Oregon,31207114,3234211.43,27002119.03,1616607.94,63060052.4,3834
4165,Osceola,8864614,1506504.68,12382454.79,1821286,24574859.47,1490
4179,Oshkosh Area,51935420,11982257.04,80694913.1,7837400.04,152449990.2,9693
4186,Osseo-Fairchild,4748490,1805048.36,7984909.77,677798.68,15216246.81,838
4207,Owen-Withee,2117870,1039345.35,4603894.43,396162.6,8157272.38,486
4221,Palmyra-Eagle Area,9218116,634666.75,4349038.29,506117.04,14707938.08,978
4228,Pardeeville Area,5614661,1030277.54,5695021.87,107014.83,12446975.24,856
4235,Paris J1,1695618,215378.34,420289.64,134290.63,2465576.61,167
4151,Parkview,5190198,1312133.25,6499245.94,333625.94,13335203.13,854
490,Pecatonica Area,3006675,637620.52,3517244.86,192783.81,7354324.19,427
4270,Pepin Area,3167624,495047.4,1136818.1,213982.26,5013471.76,237
4305,Peshtigo,3502538,1432265.39,9107963.12,494479.31,14537245.82,993
4312,Pewaukee,28586570,1860546.55,10437632.87,1144298.95,42029048.37,2722
4330,Phelps,2995620,266491.09,362967.62,273213.37,3898292.08,104
4347,Phillips,5208898.67,1203903.47,4933967.4,596955.26,11943724.8,746
4368,Pittsville,3192068,995281,4767767.81,656404.39,9611521.2,542
4389,Platteville,8703044,2310102.69,11094044.13,662735.55,22769926.37,1542
4459,Plum City,1787647,341585.01,2080159.46,273000.38,4482391.85,256
4473,Plymouth,13093247.29,2108010.51,15798928.12,1237388.41,32237574.33,2161
4508,Port Edwards,2045983,722863.22,4292448.47,168690,7229984.69,426
4515,Port Washington-Saukville,17165941,1957206.15,18521141.29,1248546.14,38892834.58,2543
4501,Portage Community,11944526,2081180.14,16924079.79,929459.13,31879245.06,2141
4529,Potosi,2187875,514163.25,3045511.45,245347.21,5992896.91,294
4536,Poynette,7627034,711838.01,6767780.95,655520.36,15762173.32,1045
4543,Prairie Du Chien Area,6150393,1831053.41,9391474.65,644448.06,18017369.12,985
4557,Prairie Farm,1381379,452377.5,3146015.53,175595.11,5155367.14,311
4571,Prentice,2883759,564537.86,2876564.91,113830.54,6438692.31,358
4578,Prescott,9582245,778720.66,10419242.13,563491.11,21343698.9,1360
4606,Princeton,3426662,420940.84,1774910.7,192795.33,5815308.87,359
4613,Pulaski Community,15549602,3553454.82,32258931.29,1274440.3,52636428.41,3847
4620,Racine,100256013,31693917.01,192341436.7,5904018.92,330195385.6,20822
4627,Randall J1,6048768,450348.84,3064291.09,90081.24,9653489.17,575
4634,Randolph,3151769,673321.48,5281171.53,547631.79,9653893.8,528
4641,Random Lake,6053085,1044221.8,5136006.74,1064830.02,13298143.56,786
4686,Raymond #14,4142237,214303.74,1647169.98,101614,6105324.72,320
4753,Reedsburg,12603540,3734684.94,23375198.13,807791.99,40521215.06,2656
4760,Reedsville,4253589,1053968.31,5461118.5,473363.05,11242038.86,641
4781,Rhinelander,24236267,3669758.05,10456643.13,926834.64,39289502.82,2349
4795,Rib Lake,2338293,663938.01,4029943.65,256112.77,7288287.43,481
4802,Rice Lake Area,18265541.56,3668270.69,15641177.94,1063774.21,38638764.4,2213
4851,Richland,5674467,2639591.63,12164475.45,753330.54,21231864.62,1333
3122,Richmond,2227207,282822.63,2732793.7,209486.92,5452310.25,388
4865,Rio Community,2935510,434750.18,3334658.01,268832.64,6973750.83,404
4872,Ripon Area,6425050.83,2013499.91,14137416.43,518819.04,23094786.21,1576
4893,River Falls,20340078,2861505.83,23697777.69,1363953.94,48263315.46,3360
4904,River Ridge,2885585,901739.56,5458899.1,556416.31,9802639.97,541
5523,River Valley,9792485,1125310.09,8012343.07,318444.53,19248582.69,1192
3850,Riverdale,3169746,1092858.34,6720102.98,1535018.44,12517725.76,683
4956,Rosendale-Brandon,3558501,843706.65,7371133.28,111863.75,11885204.68,846
4963,Rosholt,3877957,577564.06,3379916.85,267916.18,8103354.09,519
1673,Royall,2063657,1337153.47,5893610.79,700987.56,9995408.82,557
2422,Saint Croix Central,8409398,1138906.09,14420424.03,1038078.38,25006806.5,1638
5019,Saint Croix Falls,8001169,1345969.2,8091826.59,1294893.7,18733858.49,1122
5026,Saint Francis,7738654,967629.7,5356280.17,363294.61,14425858.48,797
5068,Salem,7390194,1125258.87,8725296.53,61554.67,17302304.07,1058
5100,Sauk Prairie,21381446,2533950.5,16705517.58,1453574.08,42074488.16,2576
5124,Seneca,1448266,584723.13,2133649.32,295149.66,4461788.11,232
5130,Sevastopol,10115141,820122.48,1164650.65,288051.21,12387965.34,536
5138,Seymour Community,8295654,2699254.18,20216764.92,862913.43,32074586.53,2109
5258,Sharon J11,1173164,670130.56,2560008.26,325786.45,4729089.27,218
5264,Shawano,13978586,4012454.26,20186790.98,1043049.3,39220880.54,2363
5271,Sheboygan Area,37534432,14338534.9,95089006.65,3332319.78,150294293.3,10128
5278,Sheboygan Falls,9661533,1834117.76,12447042.92,848787.91,24791481.59,1664
5306,Shell Lake,4655603,934922.97,4656297.7,252434.83,10499258.5,551
5348,Shiocton,3550544,877540,6241713.27,677288.5,11347085.77,721
5355,Shorewood,22284348,1244548.52,8516074.78,1706423.8,33751395.1,1736
5362,Shullsburg,1353689,562220.28,3253640.52,178674.76,5348224.56,330
5369,Silver Lake J1,2380580,498578.47,3106806.14,85878.85,6071843.46,424
5376,Siren,5471851,1119826.89,2033155.23,153401.9,8778235.02,438
5390,Slinger,17174759,2398360.76,17556041.79,1567649.6,38696811.15,2828
5397,Solon Springs,2527941,398279.88,2028064.17,159973.52,5114258.57,316
5432,Somerset,8960530,1187861.4,11705718.32,778727.92,22632837.64,1475
5439,South Milwaukee,14076174,3782484.81,27855926.93,842540.66,46557126.4,2842
4522,South Shore,3536532,267417.98,730237.81,165779.63,4699967.42,186
5457,Southern Door County,10611555,1349060.31,3894676.18,389226.35,16244517.84,1049
2485,Southwestern Wisconsin,3559253,704880.16,4781619.79,657522.07,9703275.02,525
5460,Sparta Area,11946212,5031595.95,28146814.37,3388855.11,48513477.43,3162
5467,Spencer,3475679,738201.23,6857624.92,411770.21,11483275.36,666
5474,Spooner,16768987,2200942.23,2793821.34,601917.86,22365668.43,1185
5586,Spring Valley,3628145,795058.17,6397808.9,1108140.73,11929152.8,708
5593,Stanley-Boyd Area,2874679,1591812.1,10475519.84,993264.39,15935275.33,1078
5607,Stevens Point Area,40507662,10217741.66,53955936.97,4885416.71,109566757.3,7264
5614,Stockbridge,2083449,181038.94,1176195.88,190177.94,3630861.76,241
3542,Stone Bank School District,3512629,291839.18,415425.37,125800.14,4345693.69,275
5621,Stoughton Area,25590898,2584531.76,16834602.41,1046003.15,46056035.32,2834
5628,Stratford,3536859,595400.82,7973219.02,888871.36,12994350.2,860
5642,Sturgeon Bay,10802338.83,1453430.36,6513663.56,910493.28,19679926.03,1105
5656,Sun Prairie Area,71753551,6253172.34,63917926.63,1597327.59,143521977.6,8428
5663,Superior,22694224,6360410.01,39842320.51,1089644.28,69986598.8,4293
5670,Suring,4724917,678342.63,1176498.85,374050.85,6953809.33,367
3510,Swallow,5106478,327908.14,719146.67,236295.26,6389828.07,408
5726,Thorp,2221713,1270495.68,5586361.91,222838.1,9301408.69,554
5733,Three Lakes,8722290,713282.26,1413310.91,1141168.86,11990052.03,507
5740,Tigerton,1514964,670510.41,2074093.98,1002826.01,5262394.4,253
5747,Tomah Area,12983396,4898848.39,24601213.01,1276019.1,43759476.5,3119
5754,Tomahawk,14347832,1479064.13,3237891.56,914731.69,19979519.38,1103
126,Tomorrow River,4167809.26,906117.39,7876709.35,754139.26,13704775.26,908
5780,Trevor-Wilmot Consolidated,3441125,657597.34,4337350.57,364804.18,8800877.09,443
4375,Tri-County Area,2623854,1259178.66,5105217.23,158702.96,9146952.85,607
5810,Turtle Lake,5049169,834616.8,1853534.22,248230.69,7985550.71,487
5817,Twin Lakes #4,4779429,464378.4,1761189.51,51948.22,7056945.13,384
5824,Two Rivers,5247208,2119684.24,16699283.52,925874.95,24992050.71,1689
5859,Union Grove J1,3595750,590933.68,5507036.61,304642.54,9998362.83,560
5852,Union Grove UHS,5315310,560383.35,5119020.66,1000724.36,11995438.37,709
238,Unity,10772713,1723817.02,4210943.26,579017.98,17286491.26,1013
5866,Valders Area,5423514,901248.79,6950347.88,705438.53,13980549.2,918
5901,Verona Area,65267459,3748002.8,27816475.27,2411559.68,99243496.75,5687
5985,Viroqua Area,5326525,2899221.93,9115208.89,900649.48,18241605.3,1065
5992,Wabeno Area,5667588,1320155.54,1209166.39,564262.11,8761172.04,374
6022,Walworth J1,2970153,628201.16,2936675.97,45057.55,6580087.68,417
6027,Washburn,2753289,1500266.48,4073645.78,594996.56,8922197.82,505
6069,Washington,1490931,75115.6,174374.33,108190.68,1848611.61,58
6104,Washington-Caldwell,1418631,288323.37,714036.2,42246.08,2463236.65,163
6113,Waterford Graded,11347085,1761263.21,9108228.39,239379.87,22455956.47,1336
6083,Waterford UHS,8586570,453074.05,7782314.85,1391724.42,18213683.32,1035
6118,Waterloo,4538584,733465.16,6526175.84,505190.88,12303415.88,800
6125,Watertown,20702182,4736735.19,29808131.07,1577132.56,56824180.82,3703
6174,Waukesha,88319154,12119438.76,71327011.5,3730910.85,175496515.1,11959
6181,Waunakee Community,34648262,1271068.11,26434390.43,2882823.92,65236544.46,4162
6195,Waupaca,12368426,2886549.31,14103305.77,339981.44,29698262.52,2076
6216,Waupun,9632890,2004028.31,17328516.81,556555.35,29521990.47,2111
6223,Wausau,47971350,8732814.08,72770965.9,3164808.81,132639938.8,8145
6230,Wausaukee,4486925,731283.54,1182713.33,372850.21,6773772.08,402
6237,Wautoma Area,7684827,2994284.99,9249225.48,1309855.76,21238193.23,1357
6244,Wauwatosa,55086553,5999783.13,30627980.58,6890913.7,98605230.41,6080
6251,Wauzeka-Steuben,1175500,631950.99,3109177.28,280621.89,5197250.16,239
6293,Webster,7575064,1066332.82,1659466.41,737818.57,11038681.8,593
6300,West Allis,42825395,11415031.82,67005734.97,2624036.18,123870198,8135
6307,West Bend,44583969,6734877.6,39180712.48,3524750.35,94024309.43,6332
6328,West Depere,21939321,3590181.43,28084039.05,2191887.33,55805428.81,3805
6370,West Salem,9561803,1822220.61,14147430.52,1407917.1,26939371.23,1742
6321,Westby Area,6135366,1998206.7,10357402.93,397187.17,18888162.8,1129
6335,Westfield,7637512,1789685.59,5893829.61,871323.83,16192351.03,1146
6354,Weston,1121802,673466.08,2571643.6,590815.92,4957727.6,293
6384,Weyauwega-Fremont,7039953,1250087.74,4750227.32,628359.6,13668627.66,812
6412,Wheatland J1,3720734,578482.09,3205219.8,380713.22,7885149.11,438
6440,White Lake,2361732,366145.71,523835.9,527180.1,3778893.71,163
6419,Whitefish Bay,21348805,1123762.88,15247913.66,1961633.51,39682115.05,2721
6426,Whitehall,3135100,1507288.15,7170335.18,266419.52,12079142.85,727
6461,Whitewater,17113201,3362539.99,13832490.25,621214.05,34929445.29,2023
6470,Whitnall,16500000,2093880.09,12322485.27,1065355.85,31981721.21,2165
6475,Wild Rose,5899425,1006891.27,1645394.3,127620.14,8679330.71,551
6482,Williams Bay,10012740,752468,731580.41,558862.21,12055650.62,590
6545,Wilmot UHS,13323535,559640.15,5038970.99,836463.5,19758609.64,963
6608,Winneconne Community,9830353,1070886.12,9700415.96,1255451.14,21857106.22,1527
6615,Winter,3464607,657309.06,733151.5,1196384.56,6051452.12,258
6678,Wisconsin Dells,18753774,2484951.97,4537190.49,1030319.3,26806235.76,1723
469,Wisconsin Heights,9294391,644254.96,3599111.68,179461.96,13717219.6,767
6685,Wisconsin Rapids,24463682,9381296.67,45984238.81,2381585.83,82210803.31,5091
6692,Wittenberg-Birnamwood,4753036,1312326.76,9116364.2,818302.09,16000029.05,1086
6713,Wonewoc-Union Center,2855709,691766,2839462.54,396890.37,6783827.91,374
6720,Woodruff J1,5414185,601193.06,1452456.41,110660.64,7578495.11,449
6734,Wrightstown Community,7124837,1442008.42,10176342.15,406194.37,19149381.94,1375
6748,Yorkville J2,4368175.76,191525.43,1361586.93,134725.06,6056013.18,343
,,,,,,,
,STATE TOTALS,"5,379,520,005","1,170,478,784","6,209,413,872","435,978,346","13,195,391,007","823,827"